{
    "Tasks":[    
            {
                "id": "t1",
                "description": "abcd12",
                "label": "powpowpow",
                "deadline" : {"yy":2023, "mm":8, "dd":15},
                "rating" : 1
            },
            {
                "id": "t2",
                "description": "abcd123",
                "label": "powpow",
                "deadline" : {"yy":2024, "mm":8, "dd":16},
                "rating" :  2
            },
            {
                "id": "t3",
                "description": "abcd1234",
                "label": "pow",
                "deadline" : {"yy":2025, "mm":8, "dd":17},
                "rating" : 3
            },
            {
                "id": "t4",
                "description": "abcd12345",
                "label": "qw3erty",
                "deadline" : {"yy":2026, "mm":8, "dd":18},
                "rating" : 4
            }
         
    ]
}