{
    "Tasks": [
        {
            "deadline": {
                "dd": 15,
                "mm": 8,
                "yy": 2023
            },
            "description": "abcd12",
            "id": "t1",
            "label": "powpowpow",
            "rating": 1
        },
        {
            "deadline": {
                "dd": 16,
                "mm": 8,
                "yy": 2024
            },
            "description": "abcd123",
            "id": "t2",
            "label": "powpow",
            "rating": 2
        },
        {
            "deadline": {
                "dd": 17,
                "mm": 8,
                "yy": 2025
            },
            "description": "abcd1234",
            "id": "t3",
            "label": "pow",
            "rating": 3
        },
        {
            "deadline": {
                "dd": 18,
                "mm": 8,
                "yy": 2026
            },
            "description": "abcd12345",
            "id": "t4",
            "label": "qw3erty",
            "rating": 4
        },
        {
            "deadline": {
                "dd": 10,
                "mm": 6,
                "yy": 2023
            },
            "description": "TestDescription",
            "id": "TestTask",
            "label": "TestLabel",
            "rating": 8
        }
    ]
}
